{
    "d_list": [
        2,
        3,
        4,
        5,
        6,
        7,
        8,
        9,
        10
    ],
    "n_list": [
        5,
        25,
        45
    ],
    "insert_time_rtree": {
        "5": [
            18.388273000717163,
            16.467286348342896,
            16.279412508010864,
            16.788484811782837,
            17.241352796554565,
            17.49768829345703,
            18.239752054214478,
            18.054240465164185,
            19.04832124710083
        ],
        "25": [
            10.165415287017822,
            13.72145128250122,
            15.67457103729248,
            17.775938272476196,
            18.349950075149536,
            20.169944524765015,
            20.832751989364624,
            23.47848343849182,
            24.4443256855011
        ],
        "45": [
            16.149028062820435,
            32.82755756378174,
            38.28015685081482,
            43.19678330421448,
            45.73288679122925,
            55.69059109687805,
            154.7190134525299,
            185.96173000335693,
            101.86280179023743
        ]
    },
    "insert_time_rtree_mbr": {
        "5": [
            19.59914255142212,
            15.963520288467407,
            16.449999570846558,
            17.023207187652588,
            17.267473459243774,
            17.62256383895874,
            18.209344148635864,
            18.701880931854248,
            19.179462671279907
        ],
        "25": [
            10.616766691207886,
            14.411234140396118,
            16.499279022216797,
            19.284982442855835,
            19.22425675392151,
            19.958038806915283,
            21.69881248474121,
            23.253374099731445,
            24.790334463119507
        ],
        "45": [
            16.949967861175537,
            33.33767747879028,
            38.69182324409485,
            45.05111527442932,
            46.56814765930176,
            60.980167388916016,
            122.08847665786743,
            168.2240252494812,
            100.63291239738464
        ]
    },
    "insert_time_merkle_tree": {
        "5": [
            16.720963954925537,
            14.001968145370483,
            14.640701532363892,
            14.219533443450928,
            14.81610655784607,
            14.36898136138916,
            14.243520021438599,
            14.646766185760498,
            14.682990789413452
        ],
        "25": [
            3.0512194633483887,
            3.145711660385132,
            3.1003525257110596,
            3.583526372909546,
            3.2289106845855713,
            3.2620344161987305,
            3.2802200317382812,
            3.5433859825134277,
            3.6506564617156982
        ],
        "45": [
            1.8725380897521973,
            1.9120614528656006,
            1.9194347858428955,
            2.007558822631836,
            2.048917770385742,
            2.695892810821533,
            3.0973684787750244,
            3.9872207641601562,
            3.112809658050537
        ]
    },
    "storage_size_rtree": {
        "5": [
            2095041,
            2253909,
            2472587,
            2757351,
            3005711,
            3287480,
            3539655,
            3832450,
            4122609
        ],
        "25": [
            6647653,
            8197319,
            9660994,
            11174815,
            12745241,
            14230435,
            15768865,
            17500499,
            19092333
        ],
        "45": [
            11951566,
            15077849,
            18207963,
            21506821,
            24607898,
            27808763,
            31079113,
            34968436,
            38501506
        ]
    },
    "storage_size_rtree_mbr": {
        "5": [
            2097041,
            2255909,
            2469112,
            2725430,
            2972878,
            3230317,
            3481349,
            3751071,
            4021409
        ],
        "25": [
            6579233,
            8102979,
            9516314,
            10959992,
            12485298,
            13956887,
            15401543,
            17227731,
            18984424
        ],
        "45": [
            11682806,
            14658597,
            17564590,
            20876882,
            23998173,
            26851851,
            29704361,
            33371237,
            36678671
        ]
    },
    "storage_size_merkle_tree": {
        "5": [
            3073448,
            3483448,
            3883448,
            4283448,
            4683448,
            5083448,
            5483448,
            6083448,
            6483817
        ],
        "25": [
            1702800,
            2112851,
            2512938,
            2913046,
            3313529,
            3714204,
            4114204,
            4714204,
            5115881
        ],
        "45": [
            1551156,
            1961384,
            2361384,
            2761735,
            3162242,
            3562818,
            3962818,
            4562818,
            4964408
        ]
    },
    "search_time_rtree": {
        "5": [
            0.306408166885376,
            0.30161356925964355,
            0.27773308753967285,
            0.30110955238342285,
            0.284834623336792,
            0.308290958404541,
            0.2963981628417969,
            0.2876739501953125,
            0.30969810485839844
        ],
        "25": [
            0.08916330337524414,
            0.10279130935668945,
            0.09276843070983887,
            0.10280489921569824,
            0.07887053489685059,
            0.0906367301940918,
            0.09980535507202148,
            0.05783963203430176,
            0.08137750625610352
        ],
        "45": [
            0.08224201202392578,
            0.07880425453186035,
            0.09256243705749512,
            0.12285971641540527,
            0.06492495536804199,
            0.1466383934020996,
            0.24999690055847168,
            0.1269972324371338,
            0.11200809478759766
        ]
    },
    "search_time_rtree_mbr": {
        "5": [
            0.23231053352355957,
            0.2123401165008545,
            0.22211408615112305,
            0.18633699417114258,
            0.18401265144348145,
            0.18903470039367676,
            0.20966410636901855,
            0.18512773513793945,
            0.19945478439331055
        ],
        "25": [
            0.07711219787597656,
            0.06753969192504883,
            0.07877492904663086,
            0.07362675666809082,
            0.08598542213439941,
            0.10000205039978027,
            0.07307791709899902,
            0.046278953552246094,
            0.057944536209106445
        ],
        "45": [
            0.06667661666870117,
            0.06954813003540039,
            0.08173704147338867,
            0.10338258743286133,
            0.09800195693969727,
            0.11993885040283203,
            0.31399989128112793,
            0.13400959968566895,
            0.09298491477966309
        ]
    },
    "search_time_merkle_tree": {
        "5": [
            1670.7704865932465,
            1691.8710296154022,
            1639.8820474147797,
            1603.937825202942,
            1593.7023212909698,
            1601.3215589523315,
            1583.2429640293121,
            1657.8808288574219,
            1605.2305607795715
        ],
        "25": [
            336.7199432849884,
            348.34130215644836,
            345.83431911468506,
            335.516921043396,
            332.5113568305969,
            330.22813653945923,
            334.1662964820862,
            321.86956548690796,
            332.3147008419037
        ],