{
    "d_list": [
        2,
        6,
        10
    ],
    "n_list": [
        5,
        10,
        15,
        20,
        25,
        30,
        35,
        40,
        45
    ],
    "insert_time_rtree": {
        "2": [
            16.728809356689453,
            10.624974727630615,
            9.800598382949829,
            10.156232118606567,
            10.942354202270508,
            12.116612911224365,
            12.937562704086304,
            14.51262903213501,
            16.936469078063965
        ],
        "6": [
            17.629282474517822,
            13.387251377105713,
            14.110544919967651,
            16.14065670967102,
            19.78246784210205,
            25.024253606796265,
            31.331167459487915,
            38.20020413398743,
            48.76864957809448
        ],
        "10": [
            21.380325317382812,
            16.085004329681396,
            17.759205102920532,
            20.265578985214233,
            25.974090337753296,
            32.90044641494751,
            41.425015687942505,
            53.87979006767273,
            67.2422103881836
        ]
    },
    "insert_time_rtree_mbr": {
        "2": [
            15.894063711166382,
            10.362603425979614,
            10.073015689849854,
            10.265608072280884,
            11.352975606918335,
            12.513087749481201,
            13.88811707496643,
            16.031344413757324,
            18.41342568397522
        ],
        "6": [
            17.53521203994751,
            13.409616470336914,
            14.249980449676514,
            16.45376992225647,
            20.353280782699585,
            25.778510093688965,
            31.730421781539917,
            39.71103000640869,
            49.67104196548462
        ],
        "10": [
            21.070557594299316,
            16.33927273750305,
            17.986151456832886,
            20.88689398765564,
            26.6793954372406,
            33.16487908363342,
            42.56297016143799,
            53.76146960258484,
            68.3539731502533
        ]
    },
    "insert_time_merkle_tree": {
        "2": [
            14.667449474334717,
            7.072106838226318,
            5.186819791793823,
            3.71488881111145,
            3.0624780654907227,
            2.609363317489624,
            2.2968218326568604,
            2.0155727863311768,
            1.82816743850708
        ],
        "6": [
            14.213672161102295,
            7.866562604904175,
            5.159225940704346,
            3.921797513961792,
            3.2499821186065674,
            2.765566349029541,
            2.45306658744812,
            2.218750476837158,
            2.0270464420318604
        ],
        "10": [
            14.826234102249146,
            7.9062299728393555,
            5.316648960113525,
            4.03744101524353,
            3.5427730083465576,
            3.2656702995300293,
            2.7788941860198975,
            2.391404151916504,
            2.2395105361938477
        ]
    },
    "storage_size_rtree": {
        "2": [
            2095041,
            3041256,
            4222198,
            5420064,
            6647653,
            7859935,
            9012919,
            10341655,
            11951566
        ],
        "6": [
            3005711,
            5133968,
            7609931,
            10154386,
            12745241,
            15405283,
            18220362,
            21403014,
            24607898
        ],
        "10": [
            4122609,
            7455055,
            11182845,
            15197150,
            19092333,
            23643153,
            28466371,
            33493141,
            38501506
        ]
    },
    "storage_size_rtree_mbr": {
        "2": [
            2097041,
            3004438,
            4171838,
            5360993,
            6579233,
            7792559,
            8944607,
            10260404,
            11682806
        ],
        "6": [
            2972878,
            5005299,
            7430361,
            9918870,
            12485298,
            15168518,
            17837746,
            21029812,
            23998173
        ],
        "10": [
            4021409,
            7256738,
            10866100,
            14919448,
            18984424,
            23270536,
            27647630,
            32098490,
            36678671
        ]
    },
    "storage_size_merkle_tree": {
        "2": [
            3073448,
            2216996,
            1931622,
            1788500,
            1702800,
            1646238,
            1605102,
            1574250,
            1551156
        ],
        "6": [
            4683448,
            3827257,
            3542162,
            3399001,
            3313529,
            3257006,
            3216011,
            3184895,
            3162242
        ],
        "10": [
            6483817,
            5628832,
            5344166,
            5201377,
            5115881,
            5059850,
            5018669,
            4987631,
            4964408
        ]
    },
    "search_time_rtree": {
        "2": [
            0.3125007152557373,
            0.14058327674865723,
            0.10933279991149902,
            0.09380125999450684,
            0.09377145767211914,
            0.0781254768371582,
            0.0781240463256836,
            0.09374618530273438,
            0.07815814018249512
        ],
        "6": [
            0.2968292236328125,
            0.17189264297485352,
            0.1250002384185791,
            0.1250321865081787,
            0.09375309944152832,
            0.10942983627319336,
            0.0937495231628418,
            0.10932493209838867,
            0.07812190055847168
        ],
        "10": [
            0.3125026226043701,
            0.12501907348632812,
            0.09336376190185547,
            0.06250691413879395,
            0.07813143730163574,
            0.03125166893005371,
            0.062497615814208984,
            0.046835899353027344,
            0.09374642372131348
        ]
    },
    "search_time_rtree_mbr": {
        "2": [
            0.23437261581420898,
            0.12503361701965332,
            0.07812786102294922,
            0.09369325637817383,
            0.09368586540222168,
            0.07808995246887207,
            0.0625302791595459,
            0.0780797004699707,
            0.0781242847442627
        ],
        "6": [
            0.1719071865081787,
            0.10939526557922363,
            0.09375452995300293,
            0.06249856948852539,
            0.07816076278686523,
            0.0781106948852539,
            0.09378576278686523,
            0.1093752384185791,
            0.09375953674316406
        ],
        "10": [
            0.20317506790161133,
            0.10935735702514648,
            0.07808613777160645,
            0.062496185302734375,
            0.046903371810913086,
            0.06249570846557617,
            0.046875,
            0.031285762786865234,
            0.04687929153442383
        ]
    },
    "search_time_merkle_tree": {
        "2": [
            1645.3784737586975,
            855.3650829792023,
            568.2026536464691,
            428.5724105834961,
            344.7054178714752,
            284.9064874649048,
            247.70194005966187,
            216.30574536323547,
            190.46213912963867
        ],
        "6": [
            1684.0020098686218,
            842.6659862995148,
            564.5579509735107,
            427.01219391822815,
            336.18200612068176,
            280.99397826194763,
            243.9667100906372,
            210.9240689277649,
            190.01529264450073
        ],